{
  "year": "2025",
  "n_kommun": 290,
  "beta_population": {
    "beta": 0.5918,
    "se": 0.0237,
    "ci95": [
      0.5453,
      0.6383
    ],
    "p_vs1": 2.672904642934646e-66,
    "verdict": "sublinear"
  },
  "beta_cars": {
    "beta": 0.6806,
    "se": 0.0242,
    "ci95": [
      0.6333,
      0.728
    ],
    "p_vs1": 6.805305167260793e-40,
    "verdict": "sublinear"
  },
  "delta_beta": 0.0888,
  "cars_per_capita": {
    "national": 0.477,
    "by_size_tercile": {
      "small": 0.604,
      "medium": 0.562,
      "large": 0.492
    }
  }
}